Country,Year,Happiness Score,gdp_per_capita,social_support,life_expectancy,freedom_of_choice,generosity,perceptions_of_corruption
Finland,2018,7.63,1.31,1.59,0.87,0.68,0.2,0.39
Denmark,2018,7.56,1.35,1.59,0.87,0.68,0.28,0.41
Iceland,2018,7.5,1.34,1.64,0.91,0.68,0.35,0.14
Switzerland,2018,7.49,1.42,1.55,0.93,0.66,0.26,0.36
Netherlands,2018,7.44,1.36,1.49,0.88,0.64,0.33,0.3
Luxembourg,2018,6.91,1.58,1.52,0.9,0.63,0.2,0.32
Sweden,2018,7.31,1.36,1.5,0.91,0.66,0.29,0.38
Norway,2018,7.59,1.46,1.58,0.86,0.69,0.29,0.34
Israel,2018,6.81,1.3,1.56,0.88,0.53,0.35,0.27
New Zealand,2018,7.32,1.27,1.6,0.88,0.67,0.37,0.39
Austria,2018,7.14,1.34,1.5,0.89,0.62,0.24,0.22
Australia,2018,7.27,1.34,1.57,0.91,0.65,0.36,0.3
Ireland,2018,6.98,1.45,1.58,0.88,0.61,0.31,0.31
Germany,2018,6.97,1.34,1.47,0.86,0.59,0.27,0.28
Canada,2018,7.33,1.33,1.53,0.9,0.65,0.32,0.29
United States,2018,6.89,1.4,1.47,0.82,0.55,0.29,0.13
United Kingdom,2018,7.19,1.24,1.43,0.89,0.46,0.26,0.08
Czech Republic,2018,6.71,1.23,1.49,0.85,0.54,0.06,0.03
Belgium,2018,6.93,1.32,1.48,0.89,0.58,0.19,0.24
France,2018,6.49,1.29,1.47,0.91,0.52,0.1,0.18
Bahrain,2018,6.11,1.34,1.37,0.7,0.59,0.24,0.12
Slovenia,2018,5.95,1.22,1.51,0.86,0.63,0.16,0.05
Costa Rica,2018,7.07,1.01,1.46,0.82,0.63,0.14,0.1
Saudi Arabia,2018,6.37,1.38,1.33,0.63,0.51,0.1,0.13
Taiwan Province of China,2018,6.44,1.37,1.44,0.86,0.42,0.15,0.08
Singapore,2018,6.34,1.53,1.45,1.01,0.63,0.26,0.46
Romania,2018,5.95,1.12,1.22,0.73,0.53,0.09,0
Spain,2018,6.31,1.25,1.54,0.97,0.45,0.14,0.07
Uruguay,2018,6.38,1.09,1.46,0.77,0.63,0.13,0.16
Italy,2018,6,1.26,1.5,0.95,0.28,0.14,0.03
Kosovo,2018,5.66,0.86,1.23,0.58,0.45,0.27,0.02
Malta,2018,6.63,1.27,1.53,0.88,0.65,0.38,0.14
Lithuania,2018,5.95,1.2,1.53,0.72,0.35,0.03,0.01
Slovakia,2018,6.17,1.21,1.54,0.78,0.35,0.12,0.01
Estonia,2018,5.74,1.2,1.53,0.74,0.55,0.09,0.17
Panama,2018,6.43,1.11,1.44,0.76,0.6,0.13,0.06
Brazil,2018,6.42,0.99,1.47,0.68,0.49,0.11,0.09
Guatemala,2018,6.38,0.78,1.27,0.61,0.6,0.18,0.07
Kazakhstan,2018,5.79,1.14,1.52,0.63,0.45,0.15,0.12
Cyprus,2018,5.76,1.23,1.19,0.91,0.42,0.2,0.04
Latvia,2018,5.93,1.15,1.45,0.67,0.36,0.09,0.07
Serbia,2018,5.4,0.98,1.37,0.69,0.29,0.13,0.04
Chile,2018,6.48,1.13,1.33,0.81,0.43,0.2,0.06
Nicaragua,2018,6.14,0.67,1.32,0.7,0.53,0.21,0.13
Mexico,2018,6.49,1.04,1.25,0.76,0.48,0.07,0.1
Croatia,2018,5.32,1.12,1.16,0.74,0.38,0.12,0.04
Poland,2018,6.12,1.18,1.45,0.78,0.55,0.11,0.06
El Salvador,2018,6.17,0.81,1.23,0.64,0.46,0.07,0.08
Kuwait,2018,6.08,1.47,1.3,0.68,0.55,0.17,0.11
Hungary,2018,5.62,1.17,1.4,0.73,0.26,0.06,0.02
Mauritius,2018,5.89,1.09,1.39,0.68,0.58,0.25,0.05
Uzbekistan,2018,6.1,0.72,1.58,0.61,0.72,0.33,0.26
Japan,2018,5.92,1.29,1.46,0.99,0.55,0.08,0.15
Honduras,2018,5.5,0.62,1.21,0.62,0.46,0.2,0.07
Portugal,2018,5.41,1.19,1.43,0.88,0.56,0.06,0.02
Argentina,2018,6.39,1.07,1.47,0.74,0.57,0.06,0.05
Greece,2018,5.36,1.15,1.2,0.88,0.13,0,0.04
South Korea,2018,5.88,1.27,1.2,0.96,0.24,0.18,0.05
Philippines,2018,5.52,0.78,1.31,0.51,0.64,0.12,0.11
Thailand,2018,6.07,1.02,1.42,0.71,0.64,0.36,0.03
Moldova,2018,5.64,0.66,1.3,0.62,0.23,0.17,0
Jamaica,2018,5.89,0.82,1.49,0.69,0.58,0.1,0.03
Kyrgyzstan,2018,5.13,0.53,1.42,0.59,0.54,0.28,0.04
Belarus,2018,5.48,1.04,1.5,0.7,0.31,0.1,0.15
Colombia,2018,6.26,0.96,1.44,0.64,0.53,0.1,0.04
Bosnia and Herzegovina,2018,5.13,0.92,1.08,0.76,0.28,0.22,0
Mongolia,2018,5.13,0.91,1.52,0.58,0.4,0.25,0.03
Dominican Republic,2018,5.3,0.98,1.44,0.61,0.58,0.12,0.11
Malaysia,2018,6.32,1.16,1.26,0.67,0.36,0.31,0.06
Bolivia,2018,5.75,0.75,1.22,0.51,0.61,0.14,0.05
China,2018,5.25,0.99,1.14,0.8,0.6,0.03,0.1
Paraguay,2018,5.68,0.84,1.52,0.62,0.54,0.16,0.07
Peru,2018,5.66,0.93,1.25,0.67,0.53,0.09,0.03
Montenegro,2018,5.35,1.02,1.28,0.73,0.26,0.11,0.08
Ecuador,2018,5.97,0.89,1.33,0.74,0.56,0.11,0.12
Vietnam,2018,5.1,0.72,1.37,0.7,0.62,0.18,0.08
Turkmenistan,2018,5.64,1.02,1.53,0.52,0.42,0.2,0.04
Russia,2018,5.81,1.15,1.48,0.6,0.4,0.07,0.03
Hong Kong S.A.R. of China,2018,5.43,1.41,1.29,1.03,0.52,0.25,0.29
Armenia,2018,4.32,0.82,0.99,0.67,0.26,0.08,0.03
Tajikistan,2018,5.2,0.47,1.17,0.6,0.29,0.19,0.03
Nepal,2018,4.88,0.43,1.23,0.54,0.53,0.3,0.08
Bulgaria,2018,4.93,1.05,1.52,0.71,0.36,0.06,0.01
Libya,2018,5.57,0.99,1.35,0.55,0.5,0.12,0.15
Indonesia,2018,5.09,0.9,1.22,0.52,0.54,0.48,0.02
Ivory Coast,2018,4.67,0.54,0.87,0.08,0.47,0.15,0.1
North Macedonia,2018,5.19,0.96,1.24,0.69,0.39,0.17,0.05
Albania,2018,4.59,0.92,0.82,0.79,0.42,0.15,0.03
South Africa,2018,4.72,0.94,1.41,0.33,0.52,0.1,0.06
Azerbaijan,2018,5.2,1.02,1.16,0.6,0.43,0.03,0.18
Bangladesh,2018,4.5,0.53,0.85,0.58,0.58,0.15,0.14
Laos,2018,4.62,0.72,1.03,0.44,0.63,0.23,0.17
Algeria,2018,5.3,0.98,1.15,0.69,0.08,0.06,0.14
Liberia,2018,3.5,0.08,0.86,0.27,0.42,0.21,0.03
Ukraine,2018,4.1,0.79,1.41,0.61,0.16,0.19,0.01
Morocco,2018,5.25,0.78,0.8,0.67,0.46,0.03,0.07
Mozambique,2018,4.42,0.2,0.9,0.17,0.53,0.21,0.16
Cameroon,2018,4.98,0.54,0.89,0.18,0.45,0.18,0.04
Senegal,2018,4.63,0.43,1.12,0.43,0.41,0.14,0.08
Niger,2018,4.17,0.13,0.87,0.22,0.39,0.18,0.1
Georgia,2018,4.34,0.85,0.59,0.64,0.38,0.04,0.22
Gabon,2018,4.76,1.04,1.16,0.4,0.36,0.03,0.05
Iraq,2018,4.46,1.01,0.97,0.54,0.3,0.15,0.1
Venezuela,2018,4.81,1,1.47,0.66,0.13,0.06,0.05
Guinea,2018,3.96,0.34,0.79,0.21,0.39,0.19,0.09
Iran,2018,4.71,1.06,0.77,0.69,0.46,0.28,0.13
Ghana,2018,4.66,0.59,0.9,0.34,0.5,0.21,0.03
Turkey,2018,5.48,1.15,1.38,0.69,0.32,0.11,0.11
Burkina Faso,2018,4.42,0.31,1.1,0.25,0.31,0.18,0.13
Cambodia,2018,4.43,0.55,1.09,0.46,0.7,0.26,0.07
Benin,2018,4.14,0.38,0.37,0.24,0.44,0.16,0.07
Uganda,2018,4.16,0.32,1.09,0.24,0.45,0.26,0.06
Nigeria,2018,5.16,0.69,1.17,0.05,0.46,0.2,0.03
Kenya,2018,4.41,0.49,1.05,0.45,0.5,0.35,0.06
Tunisia,2018,4.59,0.9,0.91,0.69,0.27,0.04,0.06
Pakistan,2018,5.47,0.65,0.81,0.42,0.33,0.22,0.11
Palestinian Territories,2018,4.74,0.64,1.22,0.6,0.27,0.09,0.08
Mali,2018,4.45,0.37,1.23,0.15,0.37,0.14,0.06
Namibia,2018,4.44,0.87,1.28,0.37,0.52,0.05,0.06
Myanmar,2018,4.31,0.68,1.17,0.43,0.58,0.6,0.18
Sri Lanka,2018,4.47,0.92,1.31,0.67,0.59,0.31,0.05
Madagascar,2018,3.77,0.26,0.91,0.4,0.22,0.16,0.05
Egypt,2018,4.42,0.89,1.03,0.55,0.31,0.09,0.11
Chad,2018,4.3,0.36,0.91,0.05,0.19,0.18,0.06
Ethiopia,2018,4.35,0.31,0.95,0.39,0.45,0.22,0.15
Yemen,2018,3.36,0.44,1.07,0.34,0.24,0.08,0.06
Mauritania,2018,4.36,0.56,1.25,0.29,0.13,0.13,0.09
Jordan,2018,5.16,0.82,1.27,0.65,0.47,0.13,0.13
Togo,2018,4,0.26,0.47,0.25,0.43,0.16,0.1
India,2018,4.19,0.72,0.75,0.49,0.54,0.17,0.09
Zambia,2018,4.38,0.56,1.05,0.3,0.5,0.22,0.08
Malawi,2018,3.59,0.19,0.54,0.31,0.53,0.21,0.08
Tanzania,2018,3.3,0.46,0.99,0.38,0.48,0.27,0.1
Sierra Leone,2018,4.57,0.26,0.81,0,0.36,0.24,0.05
Lesotho,2018,3.81,0.47,1.22,0.08,0.42,0.12,0.11
Botswana,2018,3.59,1.02,1.17,0.42,0.56,0.04,0.09
Rwanda,2018,3.41,0.33,0.9,0.4,0.64,0.2,0.44
Zimbabwe,2018,3.69,0.36,1.09,0.25,0.41,0.13,0.1
Lebanon,2018,5.36,0.97,1.18,0.79,0.5,0.21,0.14
Afghanistan,2018,3.63,0.33,0.54,0.26,0.09,0.19,0.04
Finland,2019,7.769,1.34,1.587,0.986,0.596,0.153,0.393
Denmark,2019,7.6,1.383,1.573,0.996,0.592,0.252,0.41
Norway,2019,7.554,1.488,1.582,1.028,0.603,0.271,0.341
Iceland,2019,7.494,1.38,1.624,1.026,0.591,0.354,0.118
Netherlands,2019,7.488,1.396,1.522,0.999,0.557,0.322,0.298
Switzerland,2019,7.48,1.452,1.526,1.052,0.572,0.263,0.343
Sweden,2019,7.343,1.387,1.487,1.009,0.574,0.267,0.373
New Zealand,2019,7.307,1.303,1.557,1.026,0.585,0.33,0.38
Canada,2019,7.278,1.365,1.505,1.039,0.584,0.285,0.308
Austria,2019,7.246,1.376,1.475,1.016,0.532,0.244,0.226
Australia,2019,7.228,1.372,1.548,1.036,0.557,0.332,0.29
Costa Rica,2019,7.167,1.034,1.441,0.963,0.558,0.144,0.093
Israel,2019,7.139,1.276,1.455,1.029,0.371,0.261,0.082
Luxembourg,2019,7.09,1.609,1.479,1.012,0.526,0.194,0.316
United Kingdom,2019,7.054,1.333,1.538,0.996,0.45,0.348,0.278
Ireland,2019,7.021,1.499,1.553,0.999,0.516,0.298,0.31
Germany,2019,6.985,1.373,1.454,0.987,0.495,0.261,0.265
Belgium,2019,6.923,1.356,1.504,0.986,0.473,0.16,0.21
United States,2019,6.892,1.433,1.457,0.874,0.454,0.28,0.128
Czech Republic,2019,6.852,1.269,1.487,0.92,0.457,0.046,0.036
Malta,2019,6.726,1.3,1.52,0.999,0.564,0.375,0.151
Mexico,2019,6.595,1.07,1.323,0.861,0.433,0.074,0.073
France,2019,6.592,1.324,1.472,1.045,0.436,0.111,0.183
Taiwan Province of China,2019,6.446,1.368,1.43,0.914,0.351,0.242,0.097
Chile,2019,6.444,1.159,1.369,0.92,0.357,0.187,0.056
Guatemala,2019,6.436,0.8,1.269,0.746,0.535,0.175,0.078
Saudi Arabia,2019,6.375,1.403,1.357,0.795,0.439,0.08,0.132
Spain,2019,6.354,1.286,1.484,1.062,0.362,0.153,0.079
Panama,2019,6.321,1.149,1.442,0.91,0.516,0.109,0.054
Brazil,2019,6.3,1.004,1.439,0.802,0.39,0.099,0.086
Uruguay,2019,6.293,1.124,1.465,0.891,0.523,0.127,0.15
Singapore,2019,6.262,1.572,1.463,1.141,0.556,0.271,0.453
El Salvador,2019,6.253,0.794,1.242,0.789,0.43,0.093,0.074
Italy,2019,6.223,1.294,1.488,1.039,0.231,0.158,0.03
Bahrain,2019,6.199,1.362,1.368,0.871,0.536,0.255,0.11
Slovakia,2019,6.198,1.246,1.504,0.881,0.334,0.121,0.014
Poland,2019,6.182,1.206,1.438,0.884,0.483,0.117,0.05
Uzbekistan,2019,6.174,0.745,1.529,0.756,0.631,0.322,0.24
Lithuania,2019,6.149,1.238,1.515,0.818,0.291,0.043,0.042
Colombia,2019,6.125,0.985,1.41,0.841,0.47,0.099,0.034
Slovenia,2019,6.118,1.258,1.523,0.953,0.564,0.144,0.057
Nicaragua,2019,6.105,0.694,1.325,0.835,0.435,0.2,0.127
Kosovo,2019,6.1,0.882,1.232,0.758,0.489,0.262,0.006
Argentina,2019,6.086,1.092,1.432,0.881,0.471,0.066,0.05
Romania,2019,6.07,1.162,1.232,0.825,0.462,0.083,0.005
Cyprus,2019,6.046,1.263,1.223,1.042,0.406,0.19,0.041
Ecuador,2019,6.028,0.912,1.312,0.868,0.498,0.126,0.087
Kuwait,2019,6.021,1.5,1.319,0.808,0.493,0.142,0.097
Thailand,2019,6.008,1.05,1.409,0.828,0.557,0.359,0.028
Latvia,2019,5.94,1.187,1.465,0.812,0.264,0.075,0.064
South Korea,2019,5.895,1.301,1.219,1.036,0.159,0.175,0.056
Estonia,2019,5.893,1.237,1.528,0.874,0.495,0.103,0.161
Jamaica,2019,5.89,0.831,1.478,0.831,0.49,0.107,0.028
Mauritius,2019,5.888,1.12,1.402,0.798,0.498,0.215,0.06
Japan,2019,5.886,1.327,1.419,1.088,0.445,0.069,0.14
Honduras,2019,5.86,0.642,1.236,0.828,0.507,0.246,0.078
Kazakhstan,2019,5.809,1.173,1.508,0.729,0.41,0.146,0.096
Bolivia,2019,5.779,0.776,1.209,0.706,0.511,0.137,0.064
Hungary,2019,5.758,1.201,1.41,0.828,0.199,0.081,0.02
Paraguay,2019,5.743,0.855,1.475,0.777,0.514,0.184,0.08
Peru,2019,5.697,0.96,1.274,0.854,0.455,0.083,0.027
Portugal,2019,5.693,1.221,1.431,0.999,0.508,0.047,0.025
Pakistan,2019,5.653,0.677,0.886,0.535,0.313,0.22,0.098
Russia,2019,5.648,1.183,1.452,0.726,0.334,0.082,0.031
Philippines,2019,5.631,0.807,1.293,0.657,0.558,0.117,0.107
Serbia,2019,5.603,1.004,1.383,0.854,0.282,0.137,0.039
Moldova,2019,5.529,0.685,1.328,0.739,0.245,0.181,0
Libya,2019,5.525,1.044,1.303,0.673,0.416,0.133,0.152
Montenegro,2019,5.523,1.051,1.361,0.871,0.197,0.142,0.08
Tajikistan,2019,5.467,0.493,1.098,0.718,0.389,0.23,0.144
Croatia,2019,5.432,1.155,1.266,0.914,0.296,0.119,0.022
Hong Kong S.A.R. of China,2019,5.43,1.438,1.277,1.122,0.44,0.258,0.287
Dominican Republic,2019,5.425,1.015,1.401,0.779,0.497,0.113,0.101
Bosnia and Herzegovina,2019,5.386,0.945,1.212,0.845,0.212,0.263,0.006
Turkey,2019,5.373,1.183,1.36,0.808,0.195,0.083,0.106
Malaysia,2019,5.339,1.221,1.171,0.828,0.508,0.26,0.024
Belarus,2019,5.323,1.067,1.465,0.789,0.235,0.094,0.142
Greece,2019,5.287,1.181,1.156,0.999,0.067,0,0.034
Mongolia,2019,5.285,0.948,1.531,0.667,0.317,0.235,0.038
North Macedonia,2019,5.274,0.983,1.294,0.838,0.345,0.185,0.034
Nigeria,2019,5.265,0.696,1.111,0.245,0.426,0.215,0.041
Kyrgyzstan,2019,5.261,0.551,1.438,0.723,0.508,0.3,0.023
Turkmenistan,2019,5.247,1.052,1.538,0.657,0.394,0.244,0.028
Algeria,2019,5.211,1.002,1.16,0.785,0.086,0.073,0.114
Morocco,2019,5.208,0.801,0.782,0.782,0.418,0.036,0.076
Azerbaijan,2019,5.208,1.043,1.147,0.769,0.351,0.035,0.182
Lebanon,2019,5.197,0.987,1.224,0.815,0.216,0.166,0.027
Indonesia,2019,5.192,0.931,1.203,0.66,0.491,0.498,0.028
China,2019,5.191,1.029,1.125,0.893,0.521,0.058,0.1
Vietnam,2019,5.175,0.741,1.346,0.851,0.543,0.147,0.073
Cameroon,2019,5.044,0.549,0.91,0.331,0.381,0.187,0.037
Bulgaria,2019,5.011,1.092,1.513,0.815,0.311,0.081,0.004
Ghana,2019,4.996,0.611,0.868,0.486,0.381,0.245,0.04
Ivory Coast,2019,4.944,0.569,0.808,0.232,0.352,0.154,0.09
Nepal,2019,4.913,0.446,1.226,0.677,0.439,0.285,0.089
Jordan,2019,4.906,0.837,1.225,0.815,0.383,0.11,0.13
Benin,2019,4.883,0.393,0.437,0.397,0.349,0.175,0.082
Gabon,2019,4.799,1.057,1.183,0.571,0.295,0.043,0.055
Laos,2019,4.796,0.764,1.03,0.551,0.547,0.266,0.164
South Africa,2019,4.722,0.96,1.351,0.469,0.389,0.13,0.055
Albania,2019,4.719,0.947,0.848,0.874,0.383,0.178,0.027
Venezuela,2019,4.707,0.96,1.427,0.805,0.154,0.064,0.047
Cambodia,2019,4.7,0.574,1.122,0.637,0.609,0.232,0.062
Palestinian Territories,2019,4.696,0.657,1.247,0.672,0.225,0.103,0.066
Senegal,2019,4.681,0.45,1.134,0.571,0.292,0.153,0.072
Namibia,2019,4.639,0.879,1.313,0.477,0.401,0.07,0.056
Niger,2019,4.628,0.138,0.774,0.366,0.318,0.188,0.102
Burkina Faso,2019,4.587,0.331,1.056,0.38,0.255,0.177,0.113
Armenia,2019,4.559,0.85,1.055,0.815,0.283,0.095,0.064
Iran,2019,4.548,1.1,0.842,0.785,0.305,0.27,0.125
Guinea,2019,4.534,0.38,0.829,0.375,0.332,0.207,0.086
Georgia,2019,4.519,0.886,0.666,0.752,0.346,0.043,0.164
Kenya,2019,4.509,0.512,0.983,0.581,0.431,0.372,0.053
Mauritania,2019,4.49,0.57,1.167,0.489,0.066,0.106,0.088
Mozambique,2019,4.466,0.204,0.986,0.39,0.494,0.197,0.138
Tunisia,2019,4.461,0.921,1,0.815,0.167,0.059,0.055
Bangladesh,2019,4.456,0.562,0.928,0.723,0.527,0.166,0.143
Iraq,2019,4.437,1.043,0.98,0.574,0.241,0.148,0.089
Mali,2019,4.39,0.385,1.105,0.308,0.327,0.153,0.052
Sierra Leone,2019,4.374,0.268,0.841,0.242,0.309,0.252,0.045
Sri Lanka,2019,4.366,0.949,1.265,0.831,0.47,0.244,0.047
Myanmar,2019,4.36,0.71,1.181,0.555,0.525,0.566,0.172
Chad,2019,4.35,0.35,0.766,0.192,0.174,0.198,0.078
Ukraine,2019,4.332,0.82,1.39,0.739,0.178,0.187,0.01
Ethiopia,2019,4.286,0.336,1.033,0.532,0.344,0.209,0.1
Uganda,2019,4.189,0.332,1.069,0.443,0.356,0.252,0.06
Egypt,2019,4.166,0.913,1.039,0.644,0.241,0.076,0.067
Zambia,2019,4.107,0.578,1.058,0.426,0.431,0.247,0.087
Togo,2019,4.085,0.275,0.572,0.41,0.293,0.177,0.085
India,2019,4.015,0.755,0.765,0.588,0.498,0.2,0.085
Liberia,2019,3.975,0.073,0.922,0.443,0.37,0.233,0.033
Madagascar,2019,3.933,0.274,0.916,0.555,0.148,0.169,0.041
Lesotho,2019,3.802,0.489,1.169,0.168,0.359,0.107,0.093
Zimbabwe,2019,3.663,0.366,1.114,0.433,0.361,0.151,0.089
Botswana,2019,3.488,1.041,1.145,0.538,0.455,0.025,0.1
Malawi,2019,3.41,0.191,0.56,0.495,0.443,0.218,0.089
Yemen,2019,3.38,0.287,1.163,0.463,0.143,0.108,0.077
Rwanda,2019,3.334,0.359,0.711,0.614,0.555,0.217,0.411
Tanzania,2019,3.231,0.476,0.885,0.499,0.417,0.276,0.147
Afghanistan,2019,3.203,0.35,0.517,0.361,0,0.158,0.025
Finland,2020,7.809,10.639,0.954,71.901,0.949,-0.059,0.195
Denmark,2020,7.646,10.774,0.956,72.403,0.951,0.066,0.168
Iceland,2020,7.504,10.773,0.975,73,0.949,0.247,0.712
Switzerland,2020,7.56,10.98,0.943,74.102,0.921,0.106,0.304
Netherlands,2020,7.449,10.813,0.939,72.301,0.909,0.208,0.365
Luxembourg,2020,7.238,11.451,0.907,72.6,0.906,-0.005,0.367
Sweden,2020,7.353,10.759,0.926,72.601,0.939,0.112,0.251
Norway,2020,7.488,11.088,0.952,73.201,0.956,0.135,0.263
Israel,2020,7.129,10.418,0.914,73.2,0.748,0.103,0.781
New Zealand,2020,7.3,10.501,0.949,73.203,0.936,0.192,0.221
Austria,2020,7.294,10.743,0.928,73.003,0.9,0.085,0.5
Australia,2020,7.223,10.721,0.945,73.605,0.915,0.19,0.415
Ireland,2020,7.094,11.161,0.942,72.301,0.887,0.146,0.357
Germany,2020,7.076,10.733,0.899,72.202,0.867,0.08,0.456
Canada,2020,7.232,10.692,0.927,73.602,0.934,0.125,0.391
United States,2020,6.94,10.926,0.914,68.299,0.843,0.15,0.7
United Kingdom,2020,7.165,10.6,0.937,72.302,0.835,0.264,0.436
Czech Republic,2020,6.911,10.404,0.914,70.048,0.819,-0.231,0.858
Belgium,2020,6.864,10.674,0.912,72.002,0.814,-0.079,0.612
France,2020,6.664,10.584,0.937,73.802,0.825,-0.131,0.584
Bahrain,2020,6.227,10.676,0.876,68.5,0.906,0.134,0.739
Slovenia,2020,6.363,10.392,0.94,71.103,0.936,-0.081,0.817
Costa Rica,2020,7.121,9.658,0.902,71.3,0.935,-0.102,0.786
Saudi Arabia,2020,6.406,10.798,0.874,66.305,0.854,-0.169,0.683
Taiwan Province of China,2020,6.455,10.776,0.894,69.6,0.772,-0.073,0.732
Singapore,2020,6.377,11.396,0.91,76.805,0.927,0.03,0.11
Romania,2020,6.124,10.108,0.825,67.207,0.843,-0.198,0.934
Spain,2020,6.401,10.463,0.921,74.403,0.752,-0.051,0.766
Uruguay,2020,6.44,9.948,0.923,69.003,0.892,-0.101,0.636
Italy,2020,6.387,10.482,0.89,73.602,0.665,-0.043,0.873
Kosovo,2020,6.325,9.204,0.821,63.886,0.862,0.191,0.922
Malta,2020,6.773,10.534,0.93,72.2,0.925,0.215,0.659
Lithuania,2020,6.215,10.344,0.926,67.294,0.747,-0.22,0.81
Slovakia,2020,6.281,10.348,0.922,68.906,0.75,-0.124,0.918
Estonia,2020,6.022,10.34,0.935,68.605,0.878,-0.112,0.623
Panama,2020,6.305,10.034,0.902,69.603,0.88,-0.154,0.852
Brazil,2020,6.376,9.566,0.897,66.48,0.8,-0.102,0.771
Guatemala,2020,6.399,8.925,0.817,64.809,0.908,-0.043,0.783
Kazakhstan,2020,6.058,10.115,0.935,64.61,0.812,-0.068,0.764
Cyprus,2020,6.159,10.406,0.806,73.702,0.78,0.044,0.856
Latvia,2020,5.95,10.175,0.918,66.807,0.671,-0.187,0.796
Serbia,2020,5.778,9.681,0.881,68.21,0.726,-0.074,0.844
Chile,2020,6.228,10.032,0.88,69.901,0.745,-0.066,0.838
Nicaragua,2020,6.137,8.493,0.857,67.507,0.864,0.021,0.666
Mexico,2020,6.465,9.798,0.839,68.299,0.859,-0.175,0.807
Croatia,2020,5.505,10.071,0.875,70.215,0.715,-0.129,0.916
Poland,2020,6.186,10.265,0.874,69.311,0.862,-0.205,0.687
El Salvador,2020,6.348,8.909,0.806,66.108,0.834,-0.121,0.754
Kuwait,2020,6.102,11.09,0.846,66.768,0.872,-0.1,0.761
Hungary,2020,6,10.249,0.922,67.61,0.719,-0.194,0.893
Mauritius,2020,6.101,9.957,0.91,66.404,0.89,-0.018,0.805
Uzbekistan,2020,6.258,8.74,0.927,65.108,0.975,0.248,0.501
Japan,2020,5.871,10.58,0.884,75.001,0.81,-0.247,0.655
Honduras,2020,5.953,8.425,0.822,67.199,0.871,0.087,0.801
Portugal,2020,5.911,10.264,0.887,72.402,0.889,-0.221,0.893
Argentina,2020,5.975,9.811,0.901,68.804,0.831,-0.195,0.842
Greece,2020,5.515,10.132,0.814,72.405,0.541,-0.301,0.86
South Korea,2020,5.872,10.511,0.799,73.603,0.613,-0.043,0.789
Philippines,2020,6.006,8.994,0.847,61.927,0.915,-0.105,0.734
Thailand,2020,5.999,9.742,0.89,67.251,0.905,0.269,0.886
Moldova,2020,5.608,8.777,0.843,65.013,0.722,-0.038,0.913
Jamaica,2020,5.89,9.006,0.916,67.1,0.858,-0.125,0.889
Kyrgyzstan,2020,5.542,8.148,0.887,64.106,0.909,0.155,0.888
Belarus,2020,5.54,9.78,0.907,66.104,0.639,-0.165,0.636
Colombia,2020,6.163,9.5,0.884,67.7,0.836,-0.161,0.865
Bosnia and Herzegovina,2020,5.674,9.456,0.829,67.808,0.651,0.098,0.934
Mongolia,2020,5.456,9.412,0.937,62.304,0.693,0.098,0.864
Dominican Republic,2020,5.689,9.665,0.882,65.807,0.866,-0.131,0.756
Malaysia,2020,5.384,10.263,0.817,67.102,0.895,0.115,0.839
Bolivia,2020,5.747,8.851,0.803,63.6,0.876,-0.092,0.823
China,2020,5.124,9.689,0.799,69.289,0.899,-0.181,0.754
Paraguay,2020,5.692,9.39,0.899,65.64,0.886,0.008,0.835
Peru,2020,5.797,9.456,0.831,68.1,0.825,-0.162,0.894
Montenegro,2020,5.546,9.752,0.855,68.505,0.65,-0.076,0.783
Ecuador,2020,5.925,9.246,0.836,68.5,0.86,-0.127,0.801
Vietnam,2020,5.353,8.81,0.85,67.953,0.94,-0.095,0.796
Turkmenistan,2020,5.119,9.748,0.959,62.212,0.826,0.188,0.884
Russia,2020,5.546,10.129,0.903,64.1,0.73,-0.151,0.865
Hong Kong S.A.R. of China,2020,5.51,10.935,0.846,76.772,0.78,0.135,0.421
Armenia,2020,4.677,9.1,0.757,66.751,0.712,-0.139,0.774
Tajikistan,2020,5.556,8.025,0.835,64.105,0.831,-0.025,0.592
Nepal,2020,5.137,7.925,0.786,63.779,0.798,0.154,0.738
Bulgaria,2020,5.102,9.869,0.938,66.804,0.745,-0.144,0.936
Libya,2020,5.489,9.79,0.826,62.3,0.773,-0.085,0.669
Indonesia,2020,5.286,9.37,0.808,62.156,0.871,0.52,0.876
Ivory Coast,2020,5.233,8.226,0.658,49.504,0.728,-0.044,0.791
North Macedonia,2020,5.16,9.511,0.82,67.504,0.739,-0.02,0.897
Albania,2020,4.883,9.418,0.671,68.708,0.782,-0.042,0.896
South Africa,2020,4.814,9.403,0.853,56.506,0.759,-0.11,0.843
Azerbaijan,2020,5.165,9.688,0.819,65.508,0.787,-0.24,0.553
Bangladesh,2020,4.833,8.287,0.687,64.503,0.901,-0.034,0.662
Laos,2020,4.889,8.799,0.738,58.71,0.907,0.111,0.635
Algeria,2020,5.005,9.538,0.803,65.905,0.467,-0.121,0.735
Liberia,2020,4.558,7.054,0.709,56.096,0.735,0.042,0.856
Ukraine,2020,4.561,9.011,0.879,64.607,0.663,-0.031,0.921
Morocco,2020,5.095,8.94,0.593,65.896,0.772,-0.24,0.816
Mozambique,2020,4.624,7.069,0.724,54.206,0.864,0.032,0.683
Cameroon,2020,5.085,8.119,0.7,52.705,0.763,-0.001,0.851
Senegal,2020,4.981,8.119,0.724,59.599,0.691,-0.052,0.809
Niger,2020,4.91,6.842,0.617,53.5,0.76,0.014,0.723
Georgia,2020,4.673,9.226,0.629,64.495,0.802,-0.229,0.666
Gabon,2020,4.829,9.681,0.788,59.715,0.705,-0.222,0.849
Iraq,2020,4.785,9.661,0.748,59.904,0.633,-0.07,0.822
Venezuela,2020,5.053,8.978,0.89,66.505,0.623,-0.169,0.837
Guinea,2020,4.949,7.751,0.638,54.468,0.707,0.076,0.762
Iran,2020,4.672,9.814,0.695,66.006,0.648,0.118,0.715
Ghana,2020,5.148,8.351,0.729,57.204,0.795,0.094,0.848
Turkey,2020,5.132,10.129,0.826,66.903,0.609,-0.171,0.748
Burkina Faso,2020,4.769,7.469,0.713,53.889,0.666,-0.019,0.74
Cambodia,2020,4.848,8.25,0.773,61.53,0.96,0.052,0.823
Benin,2020,5.216,7.674,0.469,54.312,0.735,-0.004,0.741
Uganda,2020,4.432,7.5,0.765,55.708,0.732,0.099,0.837
Nigeria,2020,4.724,8.577,0.737,49.862,0.76,0.034,0.862
Kenya,2020,4.583,8.03,0.703,60.097,0.83,0.295,0.831
Tunisia,2020,4.392,9.315,0.689,66.898,0.593,-0.216,0.868
Pakistan,2020,5.693,8.483,0.689,58.253,0.735,0.045,0.746
Palestinian Territories,2020,4.553,8.389,0.825,62.25,0.646,-0.162,0.824
Mali,2020,4.729,7.63,0.731,51.727,0.712,-0.044,0.839
Namibia,2020,4.571,9.203,0.847,56.501,0.768,-0.185,0.851
Myanmar,2020,4.308,8.68,0.784,58.962,0.895,0.561,0.645
Sri Lanka,2020,4.327,9.39,0.825,67.2,0.838,0.081,0.859
Madagascar,2020,4.166,7.282,0.668,59.105,0.558,-0.012,0.817
Egypt,2020,4.151,9.317,0.735,61.78,0.708,-0.197,0.788
Chad,2020,4.423,7.468,0.632,48.221,0.587,0.018,0.803
Ethiopia,2020,4.186,7.509,0.743,58.64,0.741,0.043,0.754
Yemen,2020,3.527,7.76,0.818,56.727,0.6,-0.158,0.8
Mauritania,2020,4.375,8.234,0.791,57.01,0.552,-0.106,0.746
Jordan,2020,4.633,9.026,0.802,66.8,0.751,-0.163,0.7
Togo,2020,4.187,7.358,0.551,54.72,0.65,0.003,0.758
India,2020,3.573,8.85,0.592,60.215,0.881,0.058,0.772
Zambia,2020,3.759,8.225,0.699,55.299,0.807,0.078,0.801
Malawi,2020,3.538,7.062,0.544,57.593,0.803,0.021,0.732
Tanzania,2020,3.476,7.968,0.689,57.496,0.822,0.11,0.62
Sierra Leone,2020,3.926,7.269,0.636,50.865,0.715,0.089,0.861
Lesotho,2020,3.653,7.96,0.78,48.004,0.738,-0.146,0.857
Botswana,2020,3.479,9.711,0.779,58.924,0.821,-0.25,0.778
Rwanda,2020,3.312,7.6,0.541,61.099,0.901,0.055,0.184
Zimbabwe,2020,3.299,7.866,0.763,55.617,0.711,-0.072,0.81
Lebanon,2020,4.772,9.362,0.824,67.107,0.551,-0.061,0.902
Afghanistan,2020,2.567,7.463,0.47,52.59,0.397,-0.096,0.934
Finland,2021,7.842,10.775,0.954,72,0.949,-0.098,0.186
Denmark,2021,7.62,10.933,0.954,72.7,0.946,0.03,0.179
Iceland,2021,7.554,10.878,0.983,73,0.955,0.16,0.673
Switzerland,2021,7.571,11.117,0.942,74.4,0.919,0.025,0.292
Netherlands,2021,7.464,10.932,0.942,72.4,0.913,0.175,0.338
Luxembourg,2021,7.324,11.647,0.908,72.6,0.907,-0.034,0.386
Sweden,2021,7.363,10.867,0.934,72.7,0.945,0.086,0.237
Norway,2021,7.392,11.053,0.954,73.3,0.96,0.093,0.27
Israel,2021,7.157,10.575,0.939,73.503,0.8,0.031,0.753
New Zealand,2021,7.277,10.643,0.948,73.4,0.929,0.134,0.242
Austria,2021,7.268,10.906,0.934,73.3,0.908,0.042,0.481
Australia,2021,7.183,10.796,0.94,73.9,0.914,0.159,0.442
Ireland,2021,7.085,11.342,0.947,72.4,0.879,0.077,0.363
Germany,2021,7.155,10.873,0.903,72.5,0.875,0.011,0.46
Canada,2021,7.103,10.776,0.926,73.8,0.915,0.089,0.415
United States,2021,6.951,11.023,0.92,68.2,0.837,0.098,0.698
United Kingdom,2021,7.064,10.707,0.934,72.5,0.859,0.233,0.459
Czech Republic,2021,6.965,10.556,0.947,70.807,0.858,-0.208,0.868
Belgium,2021,6.834,10.823,0.906,72.199,0.783,-0.153,0.646
France,2021,6.69,10.704,0.942,74,0.822,-0.147,0.571
Bahrain,2021,6.647,10.669,0.862,69.495,0.925,0.089,0.722
Slovenia,2021,6.461,10.529,0.948,71.4,0.949,-0.101,0.806
Costa Rica,2021,7.069,9.88,0.891,71.4,0.934,-0.126,0.809
Saudi Arabia,2021,6.494,10.743,0.891,66.603,0.877,-0.149,0.684
Taiwan Province of China,2021,6.584,10.871,0.898,69.6,0.784,-0.07,0.721
Singapore,2021,6.377,11.488,0.915,76.953,0.927,-0.018,0.082
Romania,2021,6.14,10.284,0.832,67.355,0.845,-0.219,0.938
Spain,2021,6.491,10.571,0.932,74.7,0.761,-0.081,0.745
Uruguay,2021,6.431,9.966,0.925,69.1,0.896,-0.092,0.59
Italy,2021,6.483,10.623,0.88,73.8,0.693,-0.084,0.866
Kosovo,2021,6.372,9.318,0.821,63.813,0.869,0.257,0.917
Malta,2021,6.602,10.674,0.931,72.2,0.927,0.133,0.653
Lithuania,2021,6.255,10.499,0.935,67.906,0.773,-0.203,0.826
Slovakia,2021,6.331,10.369,0.936,69.201,0.766,-0.124,0.911
Estonia,2021,6.189,10.481,0.941,68.8,0.909,-0.106,0.527
Panama,2021,6.18,10.35,0.896,69.652,0.872,-0.166,0.856
Brazil,2021,6.33,9.577,0.882,66.601,0.804,-0.071,0.756
Guatemala,2021,6.435,9.053,0.813,64.958,0.906,-0.038,0.775
Kazakhstan,2021,6.152,10.155,0.952,65.2,0.853,-0.069,0.733
Cyprus,2021,6.223,10.576,0.802,73.898,0.763,-0.015,0.844
Latvia,2021,6.032,10.315,0.927,67.1,0.715,-0.162,0.8
Serbia,2021,6.078,9.787,0.873,68.6,0.778,0.002,0.835
Chile,2021,6.172,10.071,0.882,70,0.742,-0.044,0.83
Nicaragua,2021,5.972,8.62,0.864,67.657,0.836,0.02,0.664
Mexico,2021,6.317,9.859,0.831,68.597,0.862,-0.147,0.799
Croatia,2021,5.882,10.217,0.924,70.799,0.754,-0.118,0.939
Poland,2021,6.166,10.382,0.898,69.702,0.841,-0.165,0.735
El Salvador,2021,6.061,9.054,0.762,66.402,0.888,-0.11,0.688
Kuwait,2021,6.106,10.817,0.843,66.9,0.867,-0.104,0.736
Hungary,2021,5.992,10.358,0.943,68,0.755,-0.186,0.876
Mauritius,2021,6.049,10.008,0.905,66.701,0.867,-0.054,0.789
Uzbekistan,2021,6.179,8.836,0.918,65.255,0.97,0.311,0.515
Japan,2021,5.94,10.611,0.884,75.1,0.796,-0.258,0.638
Honduras,2021,5.919,8.648,0.812,67.3,0.857,0.081,0.809
Portugal,2021,5.929,10.421,0.879,72.6,0.892,-0.244,0.887
Argentina,2021,5.929,9.962,0.898,69,0.828,-0.182,0.834
Greece,2021,5.723,10.279,0.823,72.6,0.582,-0.288,0.823
South Korea,2021,5.845,10.651,0.799,73.9,0.672,-0.083,0.727
Philippines,2021,5.88,9.076,0.83,62,0.917,-0.097,0.742
Thailand,2021,5.985,9.805,0.888,67.401,0.884,0.287,0.895
Moldova,2021,5.766,9.454,0.857,65.699,0.822,-0.079,0.918
Jamaica,2021,6.309,9.186,0.877,67.5,0.89,-0.137,0.884
Kyrgyzstan,2021,5.744,8.538,0.893,64.401,0.935,0.119,0.908
Belarus,2021,5.534,9.853,0.91,66.253,0.65,-0.18,0.627
Colombia,2021,6.012,9.557,0.847,68.001,0.837,-0.135,0.841
Bosnia and Herzegovina,2021,5.813,9.59,0.87,68.098,0.706,0.113,0.931
Mongolia,2021,5.677,9.4,0.935,62.5,0.708,0.116,0.856
Dominican Republic,2021,5.545,9.802,0.853,66.102,0.86,-0.133,0.714
Malaysia,2021,5.384,10.238,0.817,67.102,0.895,0.125,0.839
Bolivia,2021,5.716,9.046,0.81,63.901,0.875,-0.077,0.839
China,2021,5.339,9.673,0.811,69.593,0.904,-0.146,0.755
Paraguay,2021,5.653,9.448,0.893,65.9,0.876,0.028,0.882
Peru,2021,5.84,9.458,0.832,68.25,0.822,-0.154,0.891
Montenegro,2021,5.581,9.94,0.858,68.699,0.708,-0.034,0.812
Ecuador,2021,5.764,9.313,0.821,68.8,0.842,-0.124,0.843
Vietnam,2021,5.411,8.973,0.85,68.034,0.94,-0.098,0.796
Turkmenistan,2021,5.066,9.629,0.983,62.409,0.877,0.273,0.888
Russia,2021,5.477,10.189,0.903,64.703,0.718,-0.111,0.845
Hong Kong S.A.R. of China,2021,5.477,11,0.836,76.82,0.717,0.067,0.403
Armenia,2021,5.283,9.487,0.799,67.055,0.825,-0.168,0.629
Tajikistan,2021,5.466,8.091,0.86,64.281,0.832,-0.056,0.553
Nepal,2021,5.269,8.12,0.774,64.233,0.782,0.152,0.727
Bulgaria,2021,5.266,10.016,0.931,67,0.788,-0.096,0.932
Libya,2021,5.41,9.622,0.827,62.3,0.771,-0.087,0.667
Indonesia,2021,5.345,9.365,0.811,62.236,0.873,0.542,0.867
Ivory Coast,2021,5.306,8.551,0.644,50.114,0.741,-0.016,0.794
North Macedonia,2021,5.101,9.693,0.805,65.474,0.751,0.038,0.905
Albania,2021,5.117,9.52,0.697,68.999,0.785,-0.03,0.901
South Africa,2021,4.956,9.403,0.86,56.904,0.749,-0.067,0.86
Azerbaijan,2021,5.171,9.569,0.836,65.656,0.814,-0.223,0.506
Bangladesh,2021,5.025,8.454,0.693,64.8,0.877,-0.041,0.682
Laos,2021,5.03,8.947,0.728,58.968,0.91,0.123,0.658
Algeria,2021,4.887,9.342,0.802,66.005,0.48,-0.067,0.752
Liberia,2021,4.625,7.288,0.72,56.498,0.735,0.05,0.85
Ukraine,2021,4.875,9.436,0.888,64.902,0.724,-0.011,0.924
Morocco,2021,4.918,8.903,0.56,66.208,0.774,-0.236,0.801
Mozambique,2021,4.794,7.158,0.744,54.706,0.882,0.061,0.684
Cameroon,2021,5.142,8.189,0.71,53.515,0.731,0.026,0.848
Senegal,2021,5.132,8.118,0.71,59.802,0.695,-0.046,0.801
Niger,2021,5.074,7.098,0.641,53.78,0.806,0.018,0.693
Georgia,2021,4.891,9.585,0.671,64.3,0.783,-0.238,0.655
Gabon,2021,4.852,9.603,0.776,59.962,0.731,-0.2,0.84
Iraq,2021,4.854,9.24,0.746,60.583,0.63,-0.053,0.875
Venezuela,2021,4.892,9.073,0.861,66.7,0.615,-0.169,0.827
Guinea,2021,4.984,7.838,0.639,55.008,0.697,0.095,0.766
Iran,2021,4.721,9.584,0.71,66.3,0.608,0.218,0.714
Ghana,2021,5.088,8.58,0.727,57.586,0.807,0.123,0.848
Turkey,2021,4.948,10.24,0.822,67.199,0.576,-0.139,0.776
Burkina Faso,2021,4.834,7.678,0.672,54.151,0.695,-0.009,0.748
Cambodia,2021,4.83,8.36,0.765,62,0.959,0.034,0.843
Benin,2021,5.045,8.087,0.489,54.713,0.757,-0.034,0.661
Uganda,2021,4.636,7.677,0.781,56.101,0.709,0.122,0.855
Nigeria,2021,4.759,8.533,0.74,50.102,0.737,0.037,0.878
Kenya,2021,4.607,8.361,0.688,60.704,0.779,0.287,0.825
Tunisia,2021,4.596,9.266,0.691,67.201,0.656,-0.201,0.87
Pakistan,2021,4.934,8.458,0.651,58.709,0.726,0.098,0.787
Palestinian Territories,2021,4.517,8.485,0.826,62.25,0.653,-0.163,0.821
Mali,2021,4.723,7.744,0.724,51.969,0.697,-0.036,0.827
Namibia,2021,4.574,9.161,0.818,56.799,0.719,-0.149,0.847
Myanmar,2021,4.426,8.541,0.779,59.302,0.876,0.509,0.66
Sri Lanka,2021,4.325,9.47,0.827,67.299,0.841,0.079,0.863
Madagascar,2021,4.208,7.396,0.686,59.305,0.552,-0.005,0.803
Egypt,2021,4.283,9.367,0.75,61.998,0.749,-0.182,0.795
Chad,2021,4.355,7.364,0.619,48.478,0.579,0.041,0.807
Ethiopia,2021,4.275,7.694,0.764,59,0.752,0.082,0.761
Yemen,2021,3.658,7.578,0.832,57.122,0.602,-0.147,0.8
Mauritania,2021,4.227,8.542,0.795,57.161,0.561,-0.106,0.731
Jordan,2021,4.395,9.182,0.767,67,0.755,-0.167,0.705
Togo,2021,4.107,7.362,0.569,54.914,0.619,0.032,0.772
India,2021,3.819,8.755,0.603,60.633,0.893,0.089,0.774
Zambia,2021,4.073,8.145,0.708,55.809,0.782,0.061,0.823
Malawi,2021,3.6,6.958,0.537,57.948,0.78,0.038,0.729
Tanzania,2021,3.623,7.876,0.702,57.999,0.833,0.183,0.577
Sierra Leone,2021,3.849,7.434,0.63,51.651,0.717,0.084,0.866
Lesotho,2021,3.512,7.926,0.787,48.7,0.715,-0.131,0.915
Botswana,2021,3.467,9.782,0.784,59.269,0.824,-0.246,0.801
Rwanda,2021,3.415,7.676,0.552,61.4,0.897,0.061,0.167
Zimbabwe,2021,3.145,7.943,0.75,56.201,0.677,-0.047,0.821
Lebanon,2021,4.584,9.626,0.848,67.355,0.525,-0.073,0.898
Afghanistan,2021,2.523,7.695,0.463,52.493,0.382,-0.102,0.924
Finland,2022,7.821,18.92,1.258,77.5,0.736,0.109,0.534
Denmark,2022,7.636,19.53,1.243,77.7,0.719,0.188,0.532
Iceland,2022,7.557,19.36,1.32,80.3,0.718,0.27,0.191
Switzerland,2022,7.512,20.26,1.226,82.2,0.677,0.147,0.461
Netherlands,2022,7.415,19.45,1.206,78.7,0.651,0.271,0.419
Luxembourg,2022,7.404,22.09,1.155,79,0.7,0.12,0.388
Sweden,2022,7.384,19.2,1.204,80.3,0.724,0.218,0.512
Norway,2022,7.365,19.97,1.239,78.6,0.728,0.217,0.474
Israel,2022,7.364,18.26,1.221,81.8,0.568,0.155,0.143
New Zealand,2022,7.2,18.52,1.235,75.2,0.68,0.245,0.483
Austria,2022,7.163,19.31,1.165,77.4,0.623,0.193,0.329
Australia,2022,7.162,19,1.203,77.2,0.676,0.258,0.341
Ireland,2022,7.041,21.29,1.166,77.9,0.627,0.19,0.408
Germany,2022,7.034,19.24,1.088,77.6,0.585,0.163,0.358
Canada,2022,7.025,18.86,1.188,78.3,0.659,0.217,0.368
United States,2022,6.977,19.82,1.182,62.8,0.574,0.22,0.177
United Kingdom,2022,6.943,18.67,1.143,75,0.597,0.289,0.329
Czech Republic,2022,6.92,18.15,1.26,71.5,0.66,0.158,0.048
Belgium,2022,6.805,19.07,1.106,76.4,0.492,0.049,0.204
France,2022,6.687,18.63,1.219,80.8,0.567,0.07,0.266
Bahrain,2022,6.647,18.54,1.029,62.5,0.693,0.199,0.155
Slovenia,2022,6.63,18.1,1.249,76.9,0.685,0.118,0.115
Costa Rica,2022,6.582,15.84,1.054,74.4,0.661,0.089,0.102
Saudi Arabia,2022,6.523,18.7,1.092,57.7,0.651,0.078,0.18
Taiwan Province of China,2022,6.512,18.97,1.095,73.3,0.542,0.075,0.168
Singapore,2022,6.48,21.49,1.127,85.1,0.672,0.163,0.587
Romania,2022,6.477,17.19,1.006,65.5,0.605,0.039,0.006
Spain,2022,6.476,18.08,1.211,80.8,0.505,0.101,0.149
Uruguay,2022,6.474,16.15,1.18,67.2,0.665,0.103,0.265
Italy,2022,6.467,18.34,1.052,80.1,0.412,0.085,0.059
Kosovo,2022,6.455,13.62,0.949,56.9,0.599,0.309,0.035
Malta,2022,6.447,18.38,1.169,78.9,0.679,0.174,0.166
Lithuania,2022,6.446,18.04,1.204,65.9,0.496,0.053,0.077
Slovakia,2022,6.391,17.36,1.232,70.7,0.479,0.118,0.025
Estonia,2022,6.341,17.93,1.232,72.8,0.689,0.123,0.333
Panama,2022,6.309,17.15,1.107,70.9,0.592,0.049,0.051
Brazil,2022,6.293,14.62,1.044,61.5,0.546,0.131,0.134
Guatemala,2022,6.262,12.74,0.831,52.2,0.662,0.112,0.115
Kazakhstan,2022,6.234,16.68,1.22,61.1,0.584,0.134,0.157
Cyprus,2022,6.221,18.15,0.909,81.9,0.448,0.123,0.062
Latvia,2022,6.18,17.32,1.221,63.7,0.502,0.075,0.09
Serbia,2022,6.178,15.5,1.086,65.8,0.546,0.219,0.088
Chile,2022,6.172,16.51,1.08,74.8,0.46,0.124,0.069
Nicaragua,2022,6.165,11.05,1.029,61.7,0.617,0.168,0.212
Mexico,2022,6.128,15.52,0.886,62.3,0.621,0.092,0.115
Croatia,2022,6.125,17.05,1.183,70.9,0.535,0.109,0
Poland,2022,6.123,17.58,1.174,71.2,0.523,0.124,0.14
El Salvador,2022,6.12,12.65,0.768,60.7,0.666,0.089,0.212
Kuwait,2022,6.106,19.04,0.983,74.7,0.617,0.087,0.147
Hungary,2022,6.086,17.48,1.233,66.8,0.485,0.078,0.064
Mauritius,2022,6.071,15.91,1.116,56.8,0.589,0.131,0.107
Uzbekistan,2022,6.063,12.19,1.092,60,0.716,0.283,0.24
Japan,2022,6.039,18.35,1.089,86.6,0.537,0.007,0.218
Honduras,2022,6.022,11.11,0.885,55.5,0.582,0.202,0.076
Portugal,2022,6.016,17.6,1.078,77.7,0.655,0.016,0.039
Argentina,2022,5.967,15.92,1.102,66.2,0.555,0.081,0.085
Greece,2022,5.948,17.03,0.98,77.4,0.249,0.015,0.108
South Korea,2022,5.935,18.51,0.886,84.1,0.414,0.111,0.176
Philippines,2022,5.904,12.68,0.912,51.4,0.678,0.107,0.142
Thailand,2022,5.891,15.35,1.096,69.7,0.617,0.321,0.026
Moldova,2022,5.857,14.17,1.008,59.7,0.561,0.102,0.028
Jamaica,2022,5.85,12.96,1.045,64.6,0.567,0.08,0.053
Kyrgyzstan,2022,5.828,10.69,1.109,63.8,0.693,0.208,0.025
Belarus,2022,5.821,15.62,1.157,62.9,0.342,0.04,0.282
Colombia,2022,5.781,14.52,0.929,72,0.545,0.087,0.077
Bosnia and Herzegovina,2022,5.768,14.68,1.068,66.5,0.448,0.244,0.006
Mongolia,2022,5.761,13.93,1.197,46.7,0.398,0.247,0.059
Dominican Republic,2022,5.737,15.38,1.003,57.7,0.606,0.084,0.179
Malaysia,2022,5.711,16.89,0.938,62,0.654,0.213,0.126
Bolivia,2022,5.6,12.56,0.88,55.5,0.627,0.112,0.064
China,2022,5.585,15.08,0.958,70.5,0.656,0.099,0.142
Paraguay,2022,5.578,14.09,1.13,62.4,0.629,0.171,0.059
Peru,2022,5.559,13.97,0.865,73.5,0.545,0.09,0.037
Montenegro,2022,5.547,15.73,1.023,65.9,0.46,0.135,0.077
Ecuador,2022,5.533,13.52,0.879,70.8,0.565,0.08,0.083
Vietnam,2022,5.485,12.52,0.932,61.1,0.707,0.143,0.105
Turkmenistan,2022,5.474,14.84,1.319,51.6,0.649,0.314,0.032
Russia,2022,5.459,16.85,1.095,58.6,0.401,0.117,0.08
Hong Kong S.A.R. of China,2022,5.425,19.57,0.954,94.2,0.4,0.147,0.383
Armenia,2022,5.399,14.34,0.82,66.8,0.558,0.054,0.21
Tajikistan,2022,5.377,9.66,1.005,51.8,0.572,0.118,0.304
Nepal,2022,5.377,9.84,0.784,49.9,0.519,0.237,0.13
Bulgaria,2022,5.371,16.25,1.163,64,0.563,0.123,0.021
Libya,2022,5.33,14.76,0.943,60.6,0.477,0.106,0.179
Indonesia,2022,5.24,13.82,0.883,53.9,0.62,0.468,0.047
Ivory Coast,2022,5.235,10.94,0.442,32.2,0.451,0.149,0.124
North Macedonia,2022,5.199,15.05,0.863,63.7,0.488,0.215,0.031
Albania,2022,5.199,14.39,0.646,71.9,0.511,0.138,0.028
South Africa,2022,5.194,14.25,1.088,36.1,0.442,0.089,0.046
Azerbaijan,2022,5.173,14.58,1.093,56,0.601,0.023,0.341
Bangladesh,2022,5.155,10.6,0.614,58.1,0.622,0.125,0.187
Laos,2022,5.14,12.39,0.654,47.9,0.679,0.197,0.184
Algeria,2022,5.122,13.63,0.97,64.3,0.146,0.106,0.15
Liberia,2022,5.122,6.36,0.67,30.9,0.405,0.178,0.08
Ukraine,2022,5.084,14.11,1.081,58.3,0.473,0.188,0.017
Morocco,2022,5.06,12.08,0.268,56.5,0.492,0.02,0.102
Mozambique,2022,5.048,5.78,0.66,19.1,0.593,0.185,0.2
Cameroon,2022,5.048,9.68,0.672,31.7,0.397,0.152,0.074
Senegal,2022,5.046,9.33,0.53,44.7,0.494,0.143,0.081
Niger,2022,5.003,5.7,0.56,32.6,0.571,0.165,0.145
Georgia,2022,4.973,14.67,0.612,59.5,0.508,0,0.208
Gabon,2022,4.958,14.59,0.738,39.6,0.343,0.032,0.099
Iraq,2022,4.941,12.89,0.682,55.4,0.328,0.147,0.046
Venezuela,2022,4.925,0,0.968,57.8,0.283,0.225,0.082
Guinea,2022,4.891,8.48,0.566,27.5,0.334,0.214,0.116
Iran,2022,4.888,14.1,0.741,64.2,0.281,0.241,0.146
Ghana,2022,4.872,11.12,0.595,40.9,0.5,0.23,0.056
Turkey,2022,4.744,17.07,0.865,70.2,0.209,0.087,0.115
Burkina Faso,2022,4.67,7.79,0.565,32,0.382,0.186,0.126
Cambodia,2022,4.64,10.19,0.732,50.5,0.74,0.166,0.068
Benin,2022,4.623,9.32,0.064,33.5,0.479,0.127,0.23
Uganda,2022,4.603,7.77,0.875,41.8,0.402,0.222,0.066
Nigeria,2022,4.552,10.79,0.732,30,0.444,0.175,0.038
Kenya,2022,4.543,10.32,0.605,40.1,0.44,0.322,0.082
Tunisia,2022,4.516,13.5,0.596,65.6,0.316,0.029,0.029
Pakistan,2022,4.516,10.49,0.413,37.4,0.448,0.181,0.112
Palestinian Territories,2022,4.483,11.48,0.957,52.1,0.336,0.073,0.079
Mali,2022,4.479,7.92,0.483,31.1,0.35,0.128,0.042
Namibia,2022,4.459,12.92,0.877,35.4,0.384,0.067,0.071
Myanmar,2022,4.394,10.38,0.829,49.1,0.513,0.452,0.194
Sri Lanka,2022,4.362,14.15,0.934,66,0.529,0.15,0.079
Madagascar,2022,4.339,6.7,0.645,37.8,0.202,0.143,0.154
Egypt,2022,4.288,13.88,0.732,54.8,0.469,0.041,0.254
Chad,2022,4.251,6.62,0.506,22.5,0.18,0.182,0.077
Ethiopia,2022,4.241,7.88,0.809,45.7,0.472,0.205,0.136
Yemen,2022,4.197,6.91,1.043,38.4,0.33,0.09,0.098
Mauritania,2022,4.153,11,0.865,45,0.304,0.088,0.138
Jordan,2022,4.152,13.24,0.724,67.5,0.476,0.058,0.2
Togo,2022,4.112,7.71,0.322,36,0.292,0.174,0.132
India,2022,3.777,11.67,0.376,47.1,0.647,0.198,0.123
Zambia,2022,3.76,9.3,0.577,30.6,0.525,0.203,0.083
Malawi,2022,3.75,6.48,0.279,38.8,0.477,0.14,0.157
Tanzania,2022,3.702,8.48,0.597,42.5,0.578,0.248,0.27
Sierra Leone,2022,3.574,6.86,0.416,27.3,0.387,0.202,0.055
Lesotho,2022,3.512,8.39,0.848,0,0.419,0.076,0.018
Botswana,2022,3.471,15.03,0.815,28,0.571,0.012,0.102
Rwanda,2022,3.268,7.85,0.133,46.2,0.621,0.187,0.544
Zimbabwe,2022,2.995,9.47,0.69,27,0.329,0.106,0.105
Lebanon,2022,2.955,13.92,0.498,63.1,0.103,0.082,0.034
Afghanistan,2022,2.404,7.58,0,28.9,0,0.089,0.005
